,Hours,Money_add,tip_out
Kristi,8.0,120.0,187.24137931034483
 Laura,8.0,240.0,187.24137931034483
 Maruta,7.0,180.0,163.83620689655172
 Sio,4.0,180.0,93.62068965517241
 Jamie,2.0,80.0,46.810344827586206
Support_money,NA,NA,57.9
kitchen_tip,NA,NA,63.35
